{
  "partitions": [
    {
      "partition_id": 0,
      "layer_ids": [
        0,
        1,
        2,
        3,
        4,
        5,
        6,
        7,
        8,
        9,
        10,
        11,
        12,
        13,
        14,
        15,
        16,
        17,
        18,
        19,
        20,
        21,
        22,
        23,
        24
      ],
      "start_layer": 0,
      "end_layer": 24,
      "total_parameters": 817768000,
      "total_memory_mb": 3119.537353515625,
      "total_compute_gflops": 3278974.3271935955,
      "communication_cost": 6.25
    },
    {
      "partition_id": 1,
      "layer_ids": [
        25,
        26,
        27,
        28,
        29,
        30,
        31,
        32,
        33,
        34,
        35,
        36,
        37,
        38,
        39,
        40,
        41,
        42,
        43,
        44,
        45,
        46,
        47,
        48,
        49,
        50
      ],
      "start_layer": 25,
      "end_layer": 50,
      "total_parameters": 817769600,
      "total_memory_mb": 3119.54345703125,
      "total_compute_gflops": 2256.6764543999993,
      "communication_cost": 0.0
    }
  ],
  "total_stages": 2,
  "balance_score": 9.782716092861454e-07,
  "max_memory_usage": 3119.54345703125,
  "total_communication_cost": 6.25
}